{
  "properties": {
    "connectionReferences": {
      "shared_webcontents": {
        "runtimeSource": "embedded",
        "connection": {
          "connectionReferenceLogicalName": "fsdemo_CFMgrHTTPAD"
        },
        "api": {
          "name": "shared_webcontents"
        }
      },
      "shared_commondataserviceforapps_1": {
        "runtimeSource": "embedded",
        "connection": {
          "connectionReferenceLogicalName": "fsdemo_CFMgrDataverse"
        },
        "api": {
          "name": "shared_commondataserviceforapps"
        }
      }
    },
    "definition": {
      "$schema": "https://schema.management.azure.com/providers/Microsoft.Logic/schemas/2016-06-01/workflowdefinition.json#",
      "contentVersion": "1.0.0.0",
      "parameters": {
        "$connections": {
          "defaultValue": {},
          "type": "Object"
        },
        "$authentication": {
          "defaultValue": {},
          "type": "SecureObject"
        },
        "Tenant Id (fsdemo_TenantId)": {
          "defaultValue": "b06bf801-f0c8-470e-a0b9-c7f44e9fe85a",
          "type": "String",
          "metadata": {
            "schemaName": "fsdemo_TenantId"
          }
        }
      },
      "staticResults": {
        "Generate_Report0": {
          "status": "Succeeded",
          "outputs": {
            "statusCode": "OK",
            "headers": {}
          }
        },
        "List_Report_Status0": {
          "status": "Succeeded",
          "outputs": {
            "statusCode": "OK",
            "body": {
              "tenantId": "b3299b06-c344-4dd6-a4bc-46c7383f5743",
              "fullMonthConsumptionReportInfo": [],
              "partialMonthConsumptionReportInfo": [],
              "defaultConsumptionReportInfo": [
                {
                  "startDate": "2022-10-18T00:00:01Z",
                  "endDate": "2022-10-19T00:00:00Z",
                  "reportType": "ApiByLicensedUser",
                  "status": "Completed"
                },
                {
                  "startDate": "2022-10-18T00:00:01Z",
                  "endDate": "2022-10-19T00:00:00Z",
                  "reportType": "ApiByNonLicensedUser",
                  "status": "Completed"
                },
                {
                  "startDate": "2022-10-18T00:00:01Z",
                  "endDate": "2022-10-19T00:00:00Z",
                  "reportType": "ApiByFlow",
                  "status": "Completed"
                }
              ]
            },
            "headers": {}
          }
        }
      },
      "triggers": {
        "manual": {
          "metadata": {
            "operationMetadataId": "2e9096f0-ae4a-436a-92ed-bd3966b718af"
          },
          "type": "Request",
          "kind": "Button",
          "inputs": {
            "schema": {
              "type": "object",
              "properties": {
                "boolean": {
                  "title": "Is First Run",
                  "type": "boolean",
                  "x-ms-dynamically-added": true,
                  "description": "Please select yes or no",
                  "x-ms-content-hint": "BOOLEAN"
                }
              },
              "required": [
                "boolean"
              ]
            }
          }
        }
      },
      "actions": {
        "Generate_User_and_Flow_report_types": {
          "foreach": "@outputs('Parameters')['reportTypes']",
          "actions": {
            "Generate_Report": {
              "runAfter": {},
              "metadata": {
                "operationMetadataId": "94e244e0-78af-49e4-9e70-65edfc43fbc9"
              },
              "type": "OpenApiConnection",
              "inputs": {
                "host": {
                  "connectionName": "shared_webcontents",
                  "operationId": "InvokeHttp",
                  "apiId": "/providers/Microsoft.PowerApps/apis/shared_webcontents"
                },
                "parameters": {
                  "request/method": "POST",
                  "request/url": "https://licensing.powerplatform.microsoft.com/v0.1-alpha/tenants/@{parameters('Tenant Id (fsdemo_TenantId)')}/TenantConsumptionReport/GenerateReportURL",
                  "request/headers": {
                    "Content-Type": "application/json"
                  },
                  "request/body": "{ \"consumptionReportDownload\":\"\", \"forceRegenerate\": true, \"reportType\": \"@{item()}\", \"status\": \"None\", \"startDate\": \"@{outputs('Parameters')['startDate']}\", \"endDate\": \"@{outputs('Parameters')['endDate']}\", \"tenantId\": \"@{parameters('Tenant Id (fsdemo_TenantId)')}\" }"
                },
                "authentication": {
                  "type": "Raw",
                  "value": "@json(decodeBase64(triggerOutputs().headers['X-MS-APIM-Tokens']))['$ConnectionKey']"
                }
              },
              "runtimeConfiguration": {
                "staticResult": {
                  "staticResultOptions": "Disabled",
                  "name": "Generate_Report0"
                }
              }
            }
          },
          "runAfter": {
            "Initialize_varReportCompleted": [
              "Succeeded"
            ]
          },
          "metadata": {
            "operationMetadataId": "9ef48e38-a3d5-4aa1-81c9-41c55c20e792"
          },
          "type": "Foreach"
        },
        "Parameters": {
          "runAfter": {},
          "metadata": {
            "operationMetadataId": "ded19725-7e55-465f-9a34-ae5435e9fe33"
          },
          "type": "Compose",
          "inputs": {
            "startDate": "@{first(split(addDays(utcNow(), -1), 'T'))}T00:00:00Z",
            "endDate": "@{first(split(utcNow(), 'T'))}T00:00:00Z",
            "reportTypes": [
              "ApiByLicensedUser",
              "ApiByFlow"
            ]
          },
          "description": "Set Tenant Id in Tracked Properties under Settings"
        },
        "Initialize_varReportCompleted": {
          "runAfter": {
            "Parameters": [
              "Succeeded"
            ]
          },
          "metadata": {
            "operationMetadataId": "24f0b09c-d4c7-4aa7-a4f0-b571f83da918"
          },
          "type": "InitializeVariable",
          "inputs": {
            "variables": [
              {
                "name": "varReportCompleted",
                "type": "array"
              }
            ]
          }
        },
        "Do_until_all_reports_are_completed": {
          "actions": {
            "Parse_Reports": {
              "runAfter": {
                "List_Report_Status": [
                  "Succeeded"
                ]
              },
              "metadata": {
                "operationMetadataId": "f25bc9c2-143e-4d3e-8d46-0866f5bfd779"
              },
              "type": "ParseJson",
              "inputs": {
                "content": "@body('List_Report_Status')",
                "schema": {
                  "type": "object",
                  "properties": {
                    "tenantId": {
                      "type": "string"
                    },
                    "fullMonthConsumptionReportInfo": {
                      "type": "array"
                    },
                    "partialMonthConsumptionReportInfo": {
                      "type": "array"
                    },
                    "defaultConsumptionReportInfo": {
                      "type": "array",
                      "items": {
                        "type": "object",
                        "properties": {
                          "startDate": {
                            "type": "string"
                          },
                          "endDate": {
                            "type": "string"
                          },
                          "reportType": {
                            "type": "string"
                          },
                          "status": {
                            "type": "string"
                          }
                        },
                        "required": [
                          "startDate",
                          "endDate",
                          "reportType",
                          "status"
                        ]
                      }
                    }
                  }
                }
              }
            },
            "Filter_for_Completed_Reports": {
              "runAfter": {
                "Parse_Reports": [
                  "Succeeded"
                ]
              },
              "metadata": {
                "operationMetadataId": "e9d81d83-f901-41a1-b4a5-40372f2cf877"
              },
              "type": "Query",
              "inputs": {
                "from": "@body('Parse_Reports')?['defaultConsumptionReportInfo']",
                "where": "@and(and(equals(item()['startDate'], outputs('Parameters')['startDate']),equals(item()['endDate'], outputs('Parameters')['endDate'])),\nor(equals(item()['reportType'], 'ApiByLicensedUser'), equals(item()['reportType'],'ApiByFlow')))"
              },
              "description": "Only work with ApiByLicensedUser and ApiByFlow reports"
            },
            "For_each_report": {
              "foreach": "@body('Filter_for_Completed_Reports')",
              "actions": {
                "If_Report_Is_Completed": {
                  "actions": {
                    "Report_Key": {
                      "runAfter": {},
                      "metadata": {
                        "operationMetadataId": "d715c509-786c-4741-8f0e-fe507bc25aea"
                      },
                      "type": "Compose",
                      "inputs": "@{items('For_each_report')?['reportType']}|@{items('For_each_report')?['startDate']}|@{items('For_each_report')?['endDate']}"
                    },
                    "Check_Completed_Report_list": {
                      "runAfter": {
                        "Report_Key": [
                          "Succeeded"
                        ]
                      },
                      "metadata": {
                        "operationMetadataId": "1e879aa3-b275-4fd9-8b4b-a1ad718c63a1"
                      },
                      "type": "Query",
                      "inputs": {
                        "from": "@variables('varReportCompleted')",
                        "where": "@equals(item(), outputs('Report_Key'))"
                      }
                    },
                    "If_report_not_added": {
                      "actions": {
                        "Append_to_array_variable": {
                          "runAfter": {
                            "If_Not_First_Run": [
                              "Succeeded"
                            ]
                          },
                          "metadata": {
                            "operationMetadataId": "a2cdb9bb-f030-4470-bc89-8ddf64170c3e"
                          },
                          "type": "AppendToArrayVariable",
                          "inputs": {
                            "name": "varReportCompleted",
                            "value": "@outputs('Report_Key')"
                          }
                        },
                        "Download_Report": {
                          "runAfter": {
                            "Add_Report": [
                              "Succeeded"
                            ]
                          },
                          "metadata": {
                            "operationMetadataId": "840897f5-63e1-4968-93d6-14739aae258b"
                          },
                          "type": "OpenApiConnection",
                          "inputs": {
                            "host": {
                              "connectionName": "shared_webcontents",
                              "operationId": "InvokeHttp",
                              "apiId": "/providers/Microsoft.PowerApps/apis/shared_webcontents"
                            },
                            "parameters": {
                              "request/method": "POST",
                              "request/url": "https://licensing.powerplatform.microsoft.com/v0.1-alpha/tenants/@{parameters('Tenant Id (fsdemo_TenantId)')}/TenantConsumptionReport/DownloadReport",
                              "request/headers": {
                                "Content-Type": "application/json"
                              },
                              "request/body": "{\n  \"startDate\": \"@{items('For_each_report')['startDate']}\",\n  \"endDate\": \"@{items('For_each_report')['endDate']}\",\n  \"reportType\": \"@{items('For_each_report')['reportType']}\",\n  \"status\": \"None\",\n  \"tenantId\": \"@{parameters('Tenant Id (fsdemo_TenantId)')}\"\n}"
                            },
                            "authentication": {
                              "type": "Raw",
                              "value": "@json(decodeBase64(triggerOutputs().headers['X-MS-APIM-Tokens']))['$ConnectionKey']"
                            }
                          }
                        },
                        "Upload_Report": {
                          "runAfter": {
                            "Download_Report": [
                              "Succeeded"
                            ]
                          },
                          "metadata": {
                            "operationMetadataId": "5d26f762-c643-4b72-9f1d-d48ac17fc5f1"
                          },
                          "type": "OpenApiConnection",
                          "inputs": {
                            "host": {
                              "connectionName": "shared_commondataserviceforapps_1",
                              "operationId": "UpdateEntityFileImageFieldContent",
                              "apiId": "/providers/Microsoft.PowerApps/apis/shared_commondataserviceforapps"
                            },
                            "parameters": {
                              "entityName": "fsdemo_cfmgrreports",
                              "recordId": "@outputs('Add_Report')?['body/fsdemo_cfmgrreportid']",
                              "fileImageFieldName": "fsdemo_report",
                              "item": "@body('Download_Report')",
                              "x-ms-file-name": "@{items('For_each_report')['reportType']}_@{items('For_each_report')['startDate']}-@{items('For_each_report')['endDate']}.csv"
                            },
                            "authentication": {
                              "type": "Raw",
                              "value": "@json(decodeBase64(triggerOutputs().headers['X-MS-APIM-Tokens']))['$ConnectionKey']"
                            }
                          }
                        },
                        "Check_if_report_already_added": {
                          "runAfter": {},
                          "metadata": {
                            "operationMetadataId": "b854920c-0023-4864-a9e0-5c28ffd882d3"
                          },
                          "type": "OpenApiConnection",
                          "inputs": {
                            "host": {
                              "connectionName": "shared_commondataserviceforapps_1",
                              "operationId": "ListRecords",
                              "apiId": "/providers/Microsoft.PowerApps/apis/shared_commondataserviceforapps"
                            },
                            "parameters": {
                              "entityName": "fsdemo_cfmgrreports",
                              "$select": "fsdemo_cfmgrreportid",
                              "$filter": "fsdemo_name eq '@{items('For_each_report')?['reportType']}|@{items('For_each_report')?['startDate']}|@{items('For_each_report')?['endDate']}'",
                              "$top": 1
                            },
                            "authentication": {
                              "type": "Raw",
                              "value": "@json(decodeBase64(triggerOutputs().headers['X-MS-APIM-Tokens']))['$ConnectionKey']"
                            }
                          }
                        },
                        "Report_Already_Exist": {
                          "actions": {
                            "Remove_report": {
                              "runAfter": {},
                              "metadata": {
                                "operationMetadataId": "34255b5f-9569-484f-973c-ad112c21eb11"
                              },
                              "type": "OpenApiConnection",
                              "inputs": {
                                "host": {
                                  "connectionName": "shared_commondataserviceforapps_1",
                                  "operationId": "DeleteRecord",
                                  "apiId": "/providers/Microsoft.PowerApps/apis/shared_commondataserviceforapps"
                                },
                                "parameters": {
                                  "entityName": "fsdemo_cfmgrreports",
                                  "recordId": "@first(outputs('Check_if_report_already_added')?['body/value'])['fsdemo_cfmgrreportid']"
                                },
                                "authentication": {
                                  "type": "Raw",
                                  "value": "@json(decodeBase64(triggerOutputs().headers['X-MS-APIM-Tokens']))['$ConnectionKey']"
                                }
                              },
                              "description": "This should cascade to delete all related report detail records as well."
                            }
                          },
                          "runAfter": {
                            "Check_if_report_already_added": [
                              "Succeeded"
                            ]
                          },
                          "expression": {
                            "greater": [
                              "@length(outputs('Check_if_report_already_added')?['body/value'])",
                              0
                            ]
                          },
                          "metadata": {
                            "operationMetadataId": "5f6e880c-c983-42c0-8689-dfde228f7dfb"
                          },
                          "type": "If"
                        },
                        "Add_Report": {
                          "runAfter": {
                            "Report_Already_Exist": [
                              "Succeeded"
                            ]
                          },
                          "metadata": {
                            "operationMetadataId": "1e65ff5c-03ff-47b1-8180-a76254208920"
                          },
                          "type": "OpenApiConnection",
                          "inputs": {
                            "host": {
                              "connectionName": "shared_commondataserviceforapps_1",
                              "operationId": "CreateRecord",
                              "apiId": "/providers/Microsoft.PowerApps/apis/shared_commondataserviceforapps"
                            },
                            "parameters": {
                              "entityName": "fsdemo_cfmgrreports",
                              "item/fsdemo_enddate": "@item()['endDate']",
                              "item/fsdemo_name": "@{items('For_each_report')?['reportType']}|@{items('For_each_report')?['startDate']}|@{items('For_each_report')?['endDate']}",
                              "item/fsdemo_startdate": "@item()['startDate']",
                              "item/fsdemo_reporttype": "@item()['reportType']"
                            },
                            "authentication": {
                              "type": "Raw",
                              "value": "@json(decodeBase64(triggerOutputs().headers['X-MS-APIM-Tokens']))['$ConnectionKey']"
                            }
                          }
                        },
                        "If_Not_First_Run": {
                          "actions": {
                            "Update_report_refresh": {
                              "runAfter": {},
                              "metadata": {
                                "operationMetadataId": "6667ae40-87a2-41ed-9da5-7ac462395d3e"
                              },
                              "type": "OpenApiConnection",
                              "inputs": {
                                "host": {
                                  "connectionName": "shared_commondataserviceforapps_1",
                                  "operationId": "UpdateRecord",
                                  "apiId": "/providers/Microsoft.PowerApps/apis/shared_commondataserviceforapps"
                                },
                                "parameters": {
                                  "entityName": "fsdemo_cfmgrreports",
                                  "recordId": "@outputs('Add_Report')?['body/fsdemo_cfmgrreportid']",
                                  "item/fsdemo_reportrefreshed": "@utcNow()"
                                },
                                "authentication": {
                                  "type": "Raw",
                                  "value": "@json(decodeBase64(triggerOutputs().headers['X-MS-APIM-Tokens']))['$ConnectionKey']"
                                }
                              },
                              "description": "This must happen only after report file was uploaded to trigger Dataflow for data import"
                            }
                          },
                          "runAfter": {
                            "Upload_Report": [
                              "Succeeded"
                            ]
                          },
                          "expression": {
                            "not": {
                              "equals": [
                                "@triggerBody()['boolean']",
                                "@true"
                              ]
                            }
                          },
                          "metadata": {
                            "operationMetadataId": "25fd8f6d-bc88-438a-9bce-be3c79e6bc2c"
                          },
                          "type": "If"
                        }
                      },
                      "runAfter": {
                        "Check_Completed_Report_list": [
                          "Succeeded"
                        ]
                      },
                      "expression": {
                        "equals": [
                          "@length(body('Check_Completed_Report_list'))",
                          0
                        ]
                      },
                      "metadata": {
                        "operationMetadataId": "4e557507-2d72-4e0b-b4ae-976f2363a48a"
                      },
                      "type": "If"
                    }
                  },
                  "runAfter": {},
                  "expression": {
                    "equals": [
                      "@item()['status']",
                      "Completed"
                    ]
                  },
                  "metadata": {
                    "operationMetadataId": "d2f49cba-2098-430c-917d-ca24bd1464fe"
                  },
                  "type": "If"
                }
              },
              "runAfter": {
                "Filter_for_Completed_Reports": [
                  "Succeeded"
                ]
              },
              "metadata": {
                "operationMetadataId": "eceb0705-4119-4f66-a4b4-5b4057af63c2"
              },
              "type": "Foreach",
              "runtimeConfiguration": {
                "concurrency": {
                  "repetitions": 1
                }
              }
            },
            "Wait_2_minutes_for_Report_preparation": {
              "runAfter": {},
              "metadata": {
                "operationMetadataId": "2abe3e7b-d7bb-4be2-8d92-fbcd3adc7bd2"
              },
              "type": "Wait",
              "inputs": {
                "interval": {
                  "count": 30,
                  "unit": "Second"
                }
              }
            },
            "List_Report_Status": {
              "runAfter": {
                "Wait_2_minutes_for_Report_preparation": [
                  "Succeeded"
                ]
              },
              "metadata": {
                "operationMetadataId": "3d7acc2c-5a45-4b5f-9c75-ce9ee6a928c5"
              },
              "type": "OpenApiConnection",
              "inputs": {
                "host": {
                  "connectionName": "shared_webcontents",
                  "operationId": "InvokeHttp",
                  "apiId": "/providers/Microsoft.PowerApps/apis/shared_webcontents"
                },
                "parameters": {
                  "request/method": "GET",
                  "request/url": "https://licensing.powerplatform.microsoft.com/v0.1-alpha/tenants/@{parameters('Tenant Id (fsdemo_TenantId)')}/TenantConsumptionReport/GetAllReports",
                  "request/headers": {
                    "accept": "application/json"
                  }
                },
                "authentication": {
                  "type": "Raw",
                  "value": "@json(decodeBase64(triggerOutputs().headers['X-MS-APIM-Tokens']))['$ConnectionKey']"
                }
              },
              "runtimeConfiguration": {
                "staticResult": {
                  "staticResultOptions": "Disabled",
                  "name": "List_Report_Status0"
                }
              }
            }
          },
          "runAfter": {
            "Generate_User_and_Flow_report_types": [
              "Succeeded"
            ]
          },
          "expression": "@equals(length(variables('varReportCompleted')), 2)",
          "limit": {
            "count": 3,
            "timeout": "PT1H"
          },
          "metadata": {
            "operationMetadataId": "ee03ac4b-bdff-4434-8dc8-6621c1f6b9ed"
          },
          "type": "Until"
        },
        "Respond_to_a_PowerApp_or_flow": {
          "runAfter": {
            "Do_until_all_reports_are_completed": [
              "Succeeded"
            ]
          },
          "metadata": {
            "operationMetadataId": "70f6ea37-11cc-45dc-9321-7577751dacb2"
          },
          "type": "Response",
          "kind": "PowerApp",
          "inputs": {
            "statusCode": 200,
            "body": {},
            "schema": {
              "type": "object",
              "properties": {}
            }
          }
        }
      }
    },
    "templateName": ""
  },
  "schemaVersion": "1.0.0.0"
}