{
  "properties": {
    "connectionReferences": {},
    "definition": {
      "$schema": "https://schema.management.azure.com/providers/Microsoft.Logic/schemas/2016-06-01/workflowdefinition.json#",
      "contentVersion": "1.0.0.0",
      "parameters": {
        "$authentication": {
          "defaultValue": {},
          "type": "SecureObject"
        }
      },
      "triggers": {
        "Recurrence": {
          "recurrence": {
            "frequency": "Day",
            "interval": 1,
            "startTime": "2022-11-22T13:30:00Z"
          },
          "metadata": {
            "operationMetadataId": "aeebcb02-f4bc-4846-9ef5-681e20095b4f"
          },
          "type": "Recurrence"
        }
      },
      "actions": {
        "Run_a_Child_Flow": {
          "runAfter": {},
          "metadata": {
            "operationMetadataId": "dd6e218c-f668-477d-b585-108a626c7ed2"
          },
          "type": "Workflow",
          "inputs": {
            "host": {
              "workflowReferenceName": "60fad0a2-f44e-ed11-bba3-000d3a856b2c"
            },
            "body": {
              "boolean": false
            }
          }
        }
      }
    },
    "templateName": ""
  },
  "schemaVersion": "1.0.0.0"
}