{
  "properties": {
    "connectionReferences": {
      "shared_dataflows_1": {
        "runtimeSource": "embedded",
        "connection": {
          "connectionReferenceLogicalName": "fsdemo_CFMgrPowerQueryDataFlow"
        },
        "api": {
          "name": "shared_dataflows"
        }
      },
      "shared_commondataserviceforapps_1": {
        "impersonation": {
          "source": "invoker"
        },
        "runtimeSource": "embedded",
        "connection": {
          "connectionReferenceLogicalName": "fsdemo_CFMgrDataverse"
        },
        "api": {
          "name": "shared_commondataserviceforapps"
        }
      }
    },
    "definition": {
      "$schema": "https://schema.management.azure.com/providers/Microsoft.Logic/schemas/2016-06-01/workflowdefinition.json#",
      "contentVersion": "1.0.0.0",
      "parameters": {
        "$connections": {
          "defaultValue": {},
          "type": "Object"
        },
        "$authentication": {
          "defaultValue": {},
          "type": "SecureObject"
        }
      },
      "staticResults": {
        "Import_User_Report0": {
          "status": "Succeeded",
          "outputs": {
            "statusCode": "OK",
            "headers": {}
          }
        },
        "Wait_until_User_Report_import_completes0": {
          "status": "Succeeded",
          "outputs": {
            "statusCode": "OK",
            "headers": {}
          }
        },
        "Import_Flow_Report1": {
          "status": "Succeeded",
          "outputs": {
            "statusCode": "OK",
            "headers": {}
          }
        },
        "Wait_until_Flow_Report_import_completes1": {
          "status": "Succeeded",
          "outputs": {
            "statusCode": "OK",
            "headers": {}
          }
        },
        "Update_Report_Status2": {
          "status": "Succeeded",
          "outputs": {
            "statusCode": "OK",
            "headers": {}
          }
        }
      },
      "triggers": {
        "When_a_report_is_made_available": {
          "metadata": {
            "operationMetadataId": "0095b495-cc93-4298-83f9-6d406f918ad7"
          },
          "type": "OpenApiConnectionWebhook",
          "inputs": {
            "host": {
              "connectionName": "shared_commondataserviceforapps_1",
              "operationId": "SubscribeWebhookTrigger",
              "apiId": "/providers/Microsoft.PowerApps/apis/shared_commondataserviceforapps"
            },
            "parameters": {
              "subscriptionRequest/message": 3,
              "subscriptionRequest/entityname": "fsdemo_cfmgrreport",
              "subscriptionRequest/scope": 4,
              "subscriptionRequest/filteringattributes": "fsdemo_reportrefreshed",
              "subscriptionRequest/runas": 1
            },
            "authentication": "@parameters('$authentication')"
          },
          "runtimeConfiguration": {
            "concurrency": {
              "runs": 1
            }
          }
        }
      },
      "actions": {
        "Switch": {
          "runAfter": {},
          "cases": {
            "ApiByLicensedUser": {
              "case": "ApiByLicensedUser",
              "actions": {
                "Import_User_Report": {
                  "runAfter": {},
                  "metadata": {
                    "operationMetadataId": "f37356d9-b4f6-4402-9ecb-8739246135f5"
                  },
                  "type": "OpenApiConnection",
                  "inputs": {
                    "host": {
                      "connectionName": "shared_dataflows_1",
                      "operationId": "RefreshDataflow",
                      "apiId": "/providers/Microsoft.PowerApps/apis/shared_dataflows"
                    },
                    "parameters": {
                      "workspaceType": "Environment",
                      "groupIdForRefreshDataflow": "898b0032-720c-eeb7-8963-f21519a8ee86-31c688f59-asia",
                      "dataflowIdForRefreshDataflow": "61d117e2-dfd8-495a-8fb1-dc4988664a0a"
                    },
                    "authentication": "@parameters('$authentication')"
                  },
                  "runtimeConfiguration": {
                    "staticResult": {
                      "staticResultOptions": "Disabled",
                      "name": "Import_User_Report0"
                    }
                  }
                },
                "Wait_until_User_Report_import_completes": {
                  "runAfter": {
                    "Import_User_Report": [
                      "Succeeded"
                    ]
                  },
                  "metadata": {
                    "operationMetadataId": "613888f7-4805-4043-995a-f18856e467aa"
                  },
                  "type": "OpenApiConnection",
                  "inputs": {
                    "host": {
                      "connectionName": "shared_dataflows_1",
                      "operationId": "OnRefreshComplete",
                      "apiId": "/providers/Microsoft.PowerApps/apis/shared_dataflows"
                    },
                    "parameters": {
                      "workspaceType": "Environment",
                      "groupIdForOnRefreshComplete": "898b0032-720c-eeb7-8963-f21519a8ee86-31c688f59-asia",
                      "dataflowIdForOnRefreshComplete": "61d117e2-dfd8-495a-8fb1-dc4988664a0a"
                    },
                    "authentication": "@parameters('$authentication')"
                  },
                  "runtimeConfiguration": {
                    "staticResult": {
                      "staticResultOptions": "Disabled",
                      "name": "Wait_until_User_Report_import_completes0"
                    }
                  }
                }
              }
            },
            "ApiByFlow": {
              "case": "ApiByFlow",
              "actions": {
                "Import_Flow_Report": {
                  "runAfter": {},
                  "metadata": {
                    "operationMetadataId": "b5eaa8ff-a125-4f32-aa92-e161799f7052"
                  },
                  "type": "OpenApiConnection",
                  "inputs": {
                    "host": {
                      "connectionName": "shared_dataflows_1",
                      "operationId": "RefreshDataflow",
                      "apiId": "/providers/Microsoft.PowerApps/apis/shared_dataflows"
                    },
                    "parameters": {
                      "workspaceType": "Environment",
                      "groupIdForRefreshDataflow": "898b0032-720c-eeb7-8963-f21519a8ee86-31c688f59-asia",
                      "dataflowIdForRefreshDataflow": "5328970a-cbca-4d42-a163-feea4374180f"
                    },
                    "authentication": "@parameters('$authentication')"
                  },
                  "runtimeConfiguration": {
                    "staticResult": {
                      "staticResultOptions": "Disabled",
                      "name": "Import_Flow_Report1"
                    }
                  }
                },
                "Wait_until_Flow_Report_import_completes": {
                  "runAfter": {
                    "Import_Flow_Report": [
                      "Succeeded"
                    ]
                  },
                  "metadata": {
                    "operationMetadataId": "f4d732c3-ee3a-44af-bffb-be9a63af59fc"
                  },
                  "type": "OpenApiConnection",
                  "inputs": {
                    "host": {
                      "connectionName": "shared_dataflows_1",
                      "operationId": "OnRefreshComplete",
                      "apiId": "/providers/Microsoft.PowerApps/apis/shared_dataflows"
                    },
                    "parameters": {
                      "workspaceType": "Environment",
                      "groupIdForOnRefreshComplete": "898b0032-720c-eeb7-8963-f21519a8ee86-31c688f59-asia",
                      "dataflowIdForOnRefreshComplete": "5328970a-cbca-4d42-a163-feea4374180f"
                    },
                    "authentication": "@parameters('$authentication')"
                  },
                  "runtimeConfiguration": {
                    "staticResult": {
                      "staticResultOptions": "Disabled",
                      "name": "Wait_until_Flow_Report_import_completes1"
                    }
                  }
                }
              }
            }
          },
          "default": {
            "actions": {}
          },
          "expression": "@triggerOutputs()?['body/fsdemo_reporttype']",
          "metadata": {
            "operationMetadataId": "ca565a2f-4cb0-4d94-8552-6dbdd5519af1"
          },
          "type": "Switch"
        },
        "Update_Report_Status": {
          "runAfter": {
            "Switch": [
              "Succeeded"
            ]
          },
          "metadata": {
            "operationMetadataId": "6c1cc841-6d3a-4b25-afa9-8ef7b58310c0"
          },
          "type": "OpenApiConnection",
          "inputs": {
            "host": {
              "connectionName": "shared_commondataserviceforapps_1",
              "operationId": "UpdateRecord",
              "apiId": "/providers/Microsoft.PowerApps/apis/shared_commondataserviceforapps"
            },
            "parameters": {
              "entityName": "fsdemo_cfmgrreports",
              "recordId": "@triggerOutputs()?['body/fsdemo_cfmgrreportid']",
              "item/fsdemo_importstatus": 173760002
            },
            "authentication": "@parameters('$authentication')"
          },
          "runtimeConfiguration": {
            "staticResult": {
              "staticResultOptions": "Disabled",
              "name": "Update_Report_Status2"
            }
          }
        }
      }
    },
    "templateName": ""
  },
  "schemaVersion": "1.0.0.0"
}