{
  "properties": {
    "connectionReferences": {
      "shared_commondataserviceforapps_1": {
        "runtimeSource": "embedded",
        "connection": {
          "connectionReferenceLogicalName": "fsdemo_CFMgrDataverse"
        },
        "api": {
          "name": "shared_commondataserviceforapps"
        }
      }
    },
    "definition": {
      "$schema": "https://schema.management.azure.com/providers/Microsoft.Logic/schemas/2016-06-01/workflowdefinition.json#",
      "contentVersion": "1.0.0.0",
      "parameters": {
        "$connections": {
          "defaultValue": {},
          "type": "Object"
        },
        "$authentication": {
          "defaultValue": {},
          "type": "SecureObject"
        }
      },
      "triggers": {
        "Recurrence": {
          "recurrence": {
            "frequency": "Day",
            "interval": 2,
            "startTime": "2022-10-24T23:00:00Z"
          },
          "metadata": {
            "operationMetadataId": "447084f4-f0d2-4d9e-9ad1-f24d230f2636"
          },
          "type": "Recurrence"
        }
      },
      "actions": {
        "Get_Date_from_7_Days_ago": {
          "runAfter": {},
          "metadata": {
            "operationMetadataId": "70ffd697-b4e0-45ef-bbe7-42fe4772a34f"
          },
          "type": "Expression",
          "kind": "GetPastTime",
          "inputs": {
            "interval": 7,
            "timeUnit": "Day"
          }
        },
        "Get_Report_from_more_than_7_days_ago": {
          "runAfter": {
            "Get_Date_from_7_Days_ago": [
              "Succeeded"
            ]
          },
          "metadata": {
            "operationMetadataId": "4a94ad74-59d1-4e98-8823-63727eb6e367"
          },
          "type": "OpenApiConnection",
          "inputs": {
            "host": {
              "connectionName": "shared_commondataserviceforapps_1",
              "operationId": "ListRecords",
              "apiId": "/providers/Microsoft.PowerApps/apis/shared_commondataserviceforapps"
            },
            "parameters": {
              "entityName": "fsdemo_cfmgrreports",
              "$select": "fsdemo_cfmgrreportid",
              "$filter": "createdon lt @{body('Get_Date_from_7_Days_ago')}"
            },
            "authentication": "@parameters('$authentication')"
          }
        },
        "Apply_to_each": {
          "foreach": "@outputs('Get_Report_from_more_than_7_days_ago')?['body/value']",
          "actions": {
            "Delete_old_reports": {
              "runAfter": {},
              "metadata": {
                "operationMetadataId": "870e1dc3-a234-4d53-a57f-61d764bedecd"
              },
              "type": "OpenApiConnection",
              "inputs": {
                "host": {
                  "connectionName": "shared_commondataserviceforapps_1",
                  "operationId": "DeleteRecord",
                  "apiId": "/providers/Microsoft.PowerApps/apis/shared_commondataserviceforapps"
                },
                "parameters": {
                  "entityName": "fsdemo_cfmgrreports",
                  "recordId": "@items('Apply_to_each')?['fsdemo_cfmgrreportid']"
                },
                "authentication": "@parameters('$authentication')"
              }
            }
          },
          "runAfter": {
            "Get_Report_from_more_than_7_days_ago": [
              "Succeeded"
            ]
          },
          "metadata": {
            "operationMetadataId": "87a1b778-233a-44f7-88d9-311a6c586b30"
          },
          "type": "Foreach",
          "runtimeConfiguration": {
            "concurrency": {
              "repetitions": 50
            }
          }
        }
      }
    },
    "templateName": ""
  },
  "schemaVersion": "1.0.0.0"
}